downloaded_at_utc,source_page,source_url,local_path,raw_label,mapped_label,category,taxon_id
2026-03-24T22:32:45.461063+00:00,https://commons.wikimedia.org/wiki/File%3ASpitskool%20stikstofgebrek%20%28nitrogen%20deficiency%29%20Brassica%20oleracea%20convar.%20capitata%20var.%20alba.jpg,https://upload.wikimedia.org/wikipedia/commons/thumb/c/cf/Spitskool_stikstofgebrek_%28nitrogen_deficiency%29_Brassica_oleracea_convar._capitata_var._alba.jpg/960px-Spitskool_stikstofgebrek_%28nitrogen_deficiency%29_Brassica_oleracea_convar._capitata_var._alba.jpg,deficiencies/nitrogen deficiency/nitrogen_deficiency_3c99d337.jpg,Spitskool_stikstofgebrek_(nitrogen_deficiency)_Brassica_oler,nitrogen deficiency,deficiencies,
2026-03-24T22:32:46.895274+00:00,https://commons.wikimedia.org/wiki/File%3APhaseolus%20vulgaris%20nitrogen%20deficiency.jpg,https://upload.wikimedia.org/wikipedia/commons/thumb/4/4b/Phaseolus_vulgaris_nitrogen_deficiency.jpg/960px-Phaseolus_vulgaris_nitrogen_deficiency.jpg,deficiencies/nitrogen deficiency/nitrogen_deficiency_578606ea.jpg,Phaseolus_vulgaris_nitrogen_deficiency.jpg,nitrogen deficiency,deficiencies,
2026-03-24T22:32:52.990476+00:00,https://commons.wikimedia.org/wiki/File%3ADeciduous%20orchards%20in%20California%20winters%20%281951%29%20%2820851980941%29.jpg,https://upload.wikimedia.org/wikipedia/commons/thumb/9/97/Deciduous_orchards_in_California_winters_%281951%29_%2820851980941%29.jpg/960px-Deciduous_orchards_in_California_winters_%281951%29_%2820851980941%29.jpg,deficiencies/nitrogen deficiency/nitrogen_deficiency_8f809606.jpg,Deciduous_orchards_in_California_winters_(1951)_(20851980941,nitrogen deficiency,deficiencies,
2026-03-24T22:33:00.092245+00:00,https://commons.wikimedia.org/wiki/File%3AAndropogon%20virginicus%20plant%20preflower%20%286948583895%29%20%282%29.jpg,https://upload.wikimedia.org/wikipedia/commons/thumb/4/42/Andropogon_virginicus_plant_preflower_%286948583895%29_%282%29.jpg/960px-Andropogon_virginicus_plant_preflower_%286948583895%29_%282%29.jpg,deficiencies/phosphorus deficiency/phosphorus_deficiency_a82c9d0d.jpg,Andropogon_virginicus_plant_preflower_(6948583895)_(2).jpg,phosphorus deficiency,deficiencies,
2026-03-24T22:33:49.331513+00:00,https://commons.wikimedia.org/wiki/File%3ACitrus%20limon%20leaf%20-%20unidentified%20deficiency.jpg,https://upload.wikimedia.org/wikipedia/commons/a/a6/Citrus_limon_leaf_-_unidentified_deficiency.jpg,deficiencies/magnesium deficiency/magnesium_deficiency_5221f9ee.jpg,Citrus_limon_leaf_-_unidentified_deficiency.jpg,magnesium deficiency,deficiencies,
2026-03-24T22:33:55.696568+00:00,https://www.inaturalist.org/observations/264523493,https://inaturalist-open-data.s3.amazonaws.com/photos/474993811/medium.jpeg,infections/fire blight/fire_blight_474993811.jpg,"(c) Kauã Neves, some rights reserved (CC BY)",fire blight,infections,380904
2026-03-24T22:33:56.308755+00:00,https://www.inaturalist.org/observations/264523493,https://inaturalist-open-data.s3.amazonaws.com/photos/474993833/medium.jpeg,infections/fire blight/fire_blight_474993833.jpg,"(c) Kauã Neves, some rights reserved (CC BY)",fire blight,infections,380904
2026-03-24T22:33:57.007497+00:00,https://www.inaturalist.org/observations/264523493,https://inaturalist-open-data.s3.amazonaws.com/photos/474993848/medium.jpeg,infections/fire blight/fire_blight_474993848.jpg,"(c) Kauã Neves, some rights reserved (CC BY)",fire blight,infections,380904
2026-03-24T22:33:57.564117+00:00,https://www.inaturalist.org/observations/264523493,https://inaturalist-open-data.s3.amazonaws.com/photos/474993864/medium.jpeg,infections/fire blight/fire_blight_474993864.jpg,"(c) Kauã Neves, some rights reserved (CC BY)",fire blight,infections,380904
2026-03-24T22:33:58.132802+00:00,https://www.inaturalist.org/observations/264523493,https://inaturalist-open-data.s3.amazonaws.com/photos/474993885/medium.jpeg,infections/fire blight/fire_blight_474993885.jpg,"(c) Kauã Neves, some rights reserved (CC BY)",fire blight,infections,380904
2026-03-24T22:33:58.781160+00:00,https://www.inaturalist.org/observations/134372686,https://inaturalist-open-data.s3.amazonaws.com/photos/229030826/medium.jpg,infections/fire blight/fire_blight_229030826.jpg,"(c) Марина Горбунова-Ëлкина, some rights reserved (CC BY-NC)",fire blight,infections,380904
2026-03-24T22:33:59.396727+00:00,https://www.inaturalist.org/observations/134372686,https://inaturalist-open-data.s3.amazonaws.com/photos/229030947/medium.jpg,infections/fire blight/fire_blight_229030947.jpg,"(c) Марина Горбунова-Ëлкина, some rights reserved (CC BY-NC)",fire blight,infections,380904
2026-03-24T22:33:59.980307+00:00,https://www.inaturalist.org/observations/134372686,https://inaturalist-open-data.s3.amazonaws.com/photos/229030869/medium.jpg,infections/fire blight/fire_blight_229030869.jpg,"(c) Марина Горбунова-Ëлкина, some rights reserved (CC BY-NC)",fire blight,infections,380904
2026-03-24T22:34:00.605531+00:00,https://www.inaturalist.org/observations/134372686,https://inaturalist-open-data.s3.amazonaws.com/photos/229030797/medium.jpg,infections/fire blight/fire_blight_229030797.jpg,"(c) Марина Горбунова-Ëлкина, some rights reserved (CC BY-NC)",fire blight,infections,380904
2026-03-24T22:34:01.262842+00:00,https://www.inaturalist.org/observations/134372686,https://inaturalist-open-data.s3.amazonaws.com/photos/229030916/medium.jpg,infections/fire blight/fire_blight_229030916.jpg,"(c) Марина Горбунова-Ëлкина, some rights reserved (CC BY-NC)",fire blight,infections,380904
2026-03-24T22:34:01.913391+00:00,https://www.inaturalist.org/observations/254394122,https://inaturalist-open-data.s3.amazonaws.com/photos/455658902/medium.jpeg,infections/fire blight/fire_blight_455658902.jpg,"(c) Alex Press, some rights reserved (CC BY)",fire blight,infections,380904
2026-03-24T22:34:02.512640+00:00,https://www.inaturalist.org/observations/254394122,https://inaturalist-open-data.s3.amazonaws.com/photos/455659063/medium.jpeg,infections/fire blight/fire_blight_455659063.jpg,"(c) Alex Press, some rights reserved (CC BY)",fire blight,infections,380904
2026-03-24T22:34:03.081705+00:00,https://www.inaturalist.org/observations/34089535,https://inaturalist-open-data.s3.amazonaws.com/photos/53606802/medium.jpg,infections/fire blight/fire_blight_53606802.jpg,"(c) Susan J. Hewitt, some rights reserved (CC BY-NC)",fire blight,infections,380904
2026-03-24T22:34:03.699342+00:00,https://www.inaturalist.org/observations/34089535,https://inaturalist-open-data.s3.amazonaws.com/photos/53606804/medium.jpg,infections/fire blight/fire_blight_53606804.jpg,"(c) Susan J. Hewitt, some rights reserved (CC BY-NC)",fire blight,infections,380904
2026-03-24T22:34:04.318601+00:00,https://www.inaturalist.org/observations/133026563,https://inaturalist-open-data.s3.amazonaws.com/photos/226527610/medium.jpeg,infections/fire blight/fire_blight_226527610.jpg,"(c) Krissa Klein, some rights reserved (CC BY-NC)",fire blight,infections,380904
2026-03-24T22:34:07.914211+00:00,https://www.inaturalist.org/observations/75188906,https://inaturalist-open-data.s3.amazonaws.com/photos/122976131/medium.jpg,infections/chestnut blight/chestnut_blight_122976131.jpg,"(c) Misha Zitser, some rights reserved (CC BY-NC)",chestnut blight,infections,49188
2026-03-24T22:34:08.523654+00:00,https://www.inaturalist.org/observations/75188906,https://inaturalist-open-data.s3.amazonaws.com/photos/122976158/medium.jpg,infections/chestnut blight/chestnut_blight_122976158.jpg,"(c) Misha Zitser, some rights reserved (CC BY-NC)",chestnut blight,infections,49188
2026-03-24T22:34:09.151923+00:00,https://www.inaturalist.org/observations/75188906,https://inaturalist-open-data.s3.amazonaws.com/photos/122976076/medium.jpg,infections/chestnut blight/chestnut_blight_122976076.jpg,"(c) Misha Zitser, some rights reserved (CC BY-NC)",chestnut blight,infections,49188
2026-03-24T22:34:09.744868+00:00,https://www.inaturalist.org/observations/75188906,https://inaturalist-open-data.s3.amazonaws.com/photos/122976108/medium.jpg,infections/chestnut blight/chestnut_blight_122976108.jpg,"(c) Misha Zitser, some rights reserved (CC BY-NC)",chestnut blight,infections,49188
2026-03-24T22:34:10.347775+00:00,https://www.inaturalist.org/observations/75188906,https://inaturalist-open-data.s3.amazonaws.com/photos/122976193/medium.jpg,infections/chestnut blight/chestnut_blight_122976193.jpg,"(c) Misha Zitser, some rights reserved (CC BY-NC)",chestnut blight,infections,49188
2026-03-24T22:34:10.918045+00:00,https://www.inaturalist.org/observations/75188906,https://inaturalist-open-data.s3.amazonaws.com/photos/122976230/medium.jpg,infections/chestnut blight/chestnut_blight_122976230.jpg,"(c) Misha Zitser, some rights reserved (CC BY-NC)",chestnut blight,infections,49188
2026-03-24T22:34:11.536445+00:00,https://www.inaturalist.org/observations/75188906,https://inaturalist-open-data.s3.amazonaws.com/photos/122976261/medium.jpg,infections/chestnut blight/chestnut_blight_122976261.jpg,"(c) Misha Zitser, some rights reserved (CC BY-NC)",chestnut blight,infections,49188
2026-03-24T22:34:12.115623+00:00,https://www.inaturalist.org/observations/75188906,https://inaturalist-open-data.s3.amazonaws.com/photos/122976292/medium.jpg,infections/chestnut blight/chestnut_blight_122976292.jpg,"(c) Misha Zitser, some rights reserved (CC BY-NC)",chestnut blight,infections,49188
2026-03-24T22:34:12.639479+00:00,https://www.inaturalist.org/observations/75188906,https://inaturalist-open-data.s3.amazonaws.com/photos/122976316/medium.jpg,infections/chestnut blight/chestnut_blight_122976316.jpg,"(c) Misha Zitser, some rights reserved (CC BY-NC)",chestnut blight,infections,49188
2026-03-24T22:34:13.358650+00:00,https://www.inaturalist.org/observations/75188906,https://inaturalist-open-data.s3.amazonaws.com/photos/122976338/medium.jpg,infections/chestnut blight/chestnut_blight_122976338.jpg,"(c) Misha Zitser, some rights reserved (CC BY-NC)",chestnut blight,infections,49188
2026-03-24T22:34:13.868340+00:00,https://www.inaturalist.org/observations/75188906,https://inaturalist-open-data.s3.amazonaws.com/photos/123044438/medium.jpg,infections/chestnut blight/chestnut_blight_123044438.jpg,"(c) Misha Zitser, some rights reserved (CC BY-NC)",chestnut blight,infections,49188
2026-03-24T22:34:14.416110+00:00,https://www.inaturalist.org/observations/75188906,https://inaturalist-open-data.s3.amazonaws.com/photos/123044472/medium.jpg,infections/chestnut blight/chestnut_blight_123044472.jpg,"(c) Misha Zitser, some rights reserved (CC BY-NC)",chestnut blight,infections,49188
2026-03-24T22:34:14.970751+00:00,https://www.inaturalist.org/observations/75188906,https://inaturalist-open-data.s3.amazonaws.com/photos/123044518/medium.jpg,infections/chestnut blight/chestnut_blight_123044518.jpg,"(c) Misha Zitser, some rights reserved (CC BY-NC)",chestnut blight,infections,49188
2026-03-24T22:34:15.553987+00:00,https://www.inaturalist.org/observations/160194207,https://inaturalist-open-data.s3.amazonaws.com/photos/276806796/medium.jpeg,infections/chestnut blight/chestnut_blight_276806796.jpg,"(c) Mark Apgar, some rights reserved (CC BY)",chestnut blight,infections,49188
2026-03-24T22:34:16.214319+00:00,https://www.inaturalist.org/observations/316614635,https://inaturalist-open-data.s3.amazonaws.com/photos/572054879/medium.jpg,infections/chestnut blight/chestnut_blight_572054879.jpg,"(c) Sean Dick, some rights reserved (CC BY-NC)",chestnut blight,infections,49188
2026-03-24T22:34:19.584296+00:00,https://www.inaturalist.org/observations/103354440,https://inaturalist-open-data.s3.amazonaws.com/photos/172955709/medium.jpeg,infections/late blight/late_blight_172955709.jpg,"(c) Jie-Hao Ou, some rights reserved (CC BY)",late blight,infections,53860
2026-03-24T22:34:20.196467+00:00,https://www.inaturalist.org/observations/103354440,https://inaturalist-open-data.s3.amazonaws.com/photos/172955726/medium.jpeg,infections/late blight/late_blight_172955726.jpg,"(c) Jie-Hao Ou, some rights reserved (CC BY)",late blight,infections,53860
2026-03-24T22:34:20.811199+00:00,https://www.inaturalist.org/observations/103354440,https://inaturalist-open-data.s3.amazonaws.com/photos/172955730/medium.jpeg,infections/late blight/late_blight_172955730.jpg,"(c) Jie-Hao Ou, some rights reserved (CC BY)",late blight,infections,53860
2026-03-24T22:34:21.399851+00:00,https://www.inaturalist.org/observations/103354440,https://inaturalist-open-data.s3.amazonaws.com/photos/172955788/medium.jpeg,infections/late blight/late_blight_172955788.jpg,"(c) Jie-Hao Ou, some rights reserved (CC BY)",late blight,infections,53860
2026-03-24T22:34:21.976763+00:00,https://www.inaturalist.org/observations/66972518,https://inaturalist-open-data.s3.amazonaws.com/photos/108091091/medium.jpeg,infections/late blight/late_blight_108091091.jpg,"(c) Carlos Franco, some rights reserved (CC BY-NC)",late blight,infections,53860
2026-03-24T22:34:22.546280+00:00,https://www.inaturalist.org/observations/66972518,https://inaturalist-open-data.s3.amazonaws.com/photos/108091102/medium.jpeg,infections/late blight/late_blight_108091102.jpg,"(c) Carlos Franco, some rights reserved (CC BY-NC)",late blight,infections,53860
2026-03-24T22:34:23.115147+00:00,https://www.inaturalist.org/observations/66972518,https://inaturalist-open-data.s3.amazonaws.com/photos/108091111/medium.jpeg,infections/late blight/late_blight_108091111.jpg,"(c) Carlos Franco, some rights reserved (CC BY-NC)",late blight,infections,53860
2026-03-24T22:34:23.666081+00:00,https://www.inaturalist.org/observations/66972518,https://inaturalist-open-data.s3.amazonaws.com/photos/108091123/medium.jpeg,infections/late blight/late_blight_108091123.jpg,"(c) Carlos Franco, some rights reserved (CC BY-NC)",late blight,infections,53860
2026-03-24T22:34:24.254626+00:00,https://www.inaturalist.org/observations/66972518,https://inaturalist-open-data.s3.amazonaws.com/photos/108091144/medium.jpeg,infections/late blight/late_blight_108091144.jpg,"(c) Carlos Franco, some rights reserved (CC BY-NC)",late blight,infections,53860
2026-03-24T22:34:24.891955+00:00,https://www.inaturalist.org/observations/141779230,https://inaturalist-open-data.s3.amazonaws.com/photos/242965429/medium.jpg,infections/late blight/late_blight_242965429.jpg,"(c) Peter Oehler, some rights reserved (CC BY-NC)",late blight,infections,53860
2026-03-24T22:34:25.548386+00:00,https://www.inaturalist.org/observations/141779230,https://inaturalist-open-data.s3.amazonaws.com/photos/242965438/medium.jpg,infections/late blight/late_blight_242965438.jpg,"(c) Peter Oehler, some rights reserved (CC BY-NC)",late blight,infections,53860
2026-03-24T22:34:26.248336+00:00,https://www.inaturalist.org/observations/214879884,https://inaturalist-open-data.s3.amazonaws.com/photos/379854071/medium.jpeg,infections/late blight/late_blight_379854071.jpg,"(c) annieliveoak, some rights reserved (CC BY-NC)",late blight,infections,53860
2026-03-24T22:34:26.870387+00:00,https://www.inaturalist.org/observations/214879884,https://inaturalist-open-data.s3.amazonaws.com/photos/379854170/medium.jpeg,infections/late blight/late_blight_379854170.jpg,"(c) annieliveoak, some rights reserved (CC BY-NC)",late blight,infections,53860
2026-03-24T22:34:27.535542+00:00,https://www.inaturalist.org/observations/214879884,https://inaturalist-open-data.s3.amazonaws.com/photos/379854296/medium.jpeg,infections/late blight/late_blight_379854296.jpg,"(c) annieliveoak, some rights reserved (CC BY-NC)",late blight,infections,53860
2026-03-24T22:34:28.123411+00:00,https://www.inaturalist.org/observations/214879884,https://inaturalist-open-data.s3.amazonaws.com/photos/379854450/medium.jpeg,infections/late blight/late_blight_379854450.jpg,"(c) annieliveoak, some rights reserved (CC BY-NC)",late blight,infections,53860
2026-03-24T22:34:31.353682+00:00,https://www.inaturalist.org/observations/172177096,https://inaturalist-open-data.s3.amazonaws.com/photos/298857007/medium.jpeg,infections/botrytis blight/botrytis_blight_298857007.jpg,"(c) Damon Tighe, some rights reserved (CC BY-NC)",botrytis blight,infections,324263
2026-03-24T22:34:31.960429+00:00,https://www.inaturalist.org/observations/172177096,https://inaturalist-open-data.s3.amazonaws.com/photos/298856967/medium.jpeg,infections/botrytis blight/botrytis_blight_298856967.jpg,"(c) Damon Tighe, some rights reserved (CC BY-NC)",botrytis blight,infections,324263
2026-03-24T22:34:32.507961+00:00,https://www.inaturalist.org/observations/172177096,https://inaturalist-open-data.s3.amazonaws.com/photos/298856994/medium.jpeg,infections/botrytis blight/botrytis_blight_298856994.jpg,"(c) Damon Tighe, some rights reserved (CC BY-NC)",botrytis blight,infections,324263
2026-03-24T22:34:33.106821+00:00,https://www.inaturalist.org/observations/172177096,https://inaturalist-open-data.s3.amazonaws.com/photos/298856899/medium.jpeg,infections/botrytis blight/botrytis_blight_298856899.jpg,"(c) Damon Tighe, some rights reserved (CC BY-NC)",botrytis blight,infections,324263
2026-03-24T22:34:33.655150+00:00,https://www.inaturalist.org/observations/172177096,https://inaturalist-open-data.s3.amazonaws.com/photos/298856865/medium.jpeg,infections/botrytis blight/botrytis_blight_298856865.jpg,"(c) Damon Tighe, some rights reserved (CC BY-NC)",botrytis blight,infections,324263
2026-03-24T22:34:34.284270+00:00,https://www.inaturalist.org/observations/172177096,https://inaturalist-open-data.s3.amazonaws.com/photos/298856781/medium.jpeg,infections/botrytis blight/botrytis_blight_298856781.jpg,"(c) Damon Tighe, some rights reserved (CC BY-NC)",botrytis blight,infections,324263
2026-03-24T22:34:34.877098+00:00,https://www.inaturalist.org/observations/172177096,https://inaturalist-open-data.s3.amazonaws.com/photos/298856835/medium.jpeg,infections/botrytis blight/botrytis_blight_298856835.jpg,"(c) Damon Tighe, some rights reserved (CC BY-NC)",botrytis blight,infections,324263
2026-03-24T22:34:35.446304+00:00,https://www.inaturalist.org/observations/172177096,https://inaturalist-open-data.s3.amazonaws.com/photos/298856941/medium.jpeg,infections/botrytis blight/botrytis_blight_298856941.jpg,"(c) Damon Tighe, some rights reserved (CC BY-NC)",botrytis blight,infections,324263
2026-03-24T22:34:35.920253+00:00,https://www.inaturalist.org/observations/51231883,https://inaturalist-open-data.s3.amazonaws.com/photos/81383207/medium.jpg,infections/botrytis blight/botrytis_blight_81383207.jpg,"(c) Susan J. Hewitt, some rights reserved (CC BY-NC)",botrytis blight,infections,324263
2026-03-24T22:34:36.420465+00:00,https://www.inaturalist.org/observations/51231883,https://inaturalist-open-data.s3.amazonaws.com/photos/81383188/medium.jpg,infections/botrytis blight/botrytis_blight_81383188.jpg,"(c) Susan J. Hewitt, some rights reserved (CC BY-NC)",botrytis blight,infections,324263
2026-03-24T22:34:36.969184+00:00,https://www.inaturalist.org/observations/285060772,https://inaturalist-open-data.s3.amazonaws.com/photos/512353677/medium.jpg,infections/botrytis blight/botrytis_blight_512353677.jpg,"(c) MikeN, some rights reserved (CC BY-NC)",botrytis blight,infections,324263
2026-03-24T22:34:37.409400+00:00,https://www.inaturalist.org/observations/285060772,https://inaturalist-open-data.s3.amazonaws.com/photos/512353699/medium.jpg,infections/botrytis blight/botrytis_blight_512353699.jpg,"(c) MikeN, some rights reserved (CC BY-NC)",botrytis blight,infections,324263
2026-03-24T22:34:37.964147+00:00,https://www.inaturalist.org/observations/285060772,https://inaturalist-open-data.s3.amazonaws.com/photos/512355791/medium.jpg,infections/botrytis blight/botrytis_blight_512355791.jpg,"(c) MikeN, some rights reserved (CC BY-NC)",botrytis blight,infections,324263
2026-03-24T22:34:38.518002+00:00,https://www.inaturalist.org/observations/285060772,https://inaturalist-open-data.s3.amazonaws.com/photos/512356304/medium.jpg,infections/botrytis blight/botrytis_blight_512356304.jpg,"(c) MikeN, some rights reserved (CC BY-NC)",botrytis blight,infections,324263
2026-03-24T22:34:39.057109+00:00,https://www.inaturalist.org/observations/285060772,https://inaturalist-open-data.s3.amazonaws.com/photos/512353637/medium.jpg,infections/botrytis blight/botrytis_blight_512353637.jpg,"(c) MikeN, some rights reserved (CC BY-NC)",botrytis blight,infections,324263
2026-03-24T22:34:44.209759+00:00,https://www.inaturalist.org/observations/35752921,https://inaturalist-open-data.s3.amazonaws.com/photos/56413530/medium.jpg,infections/canker/canker_56413530.jpg,"(c) Mary Mirasola, some rights reserved (CC BY-NC)",canker,infections,118022
2026-03-24T22:34:44.706344+00:00,https://www.inaturalist.org/observations/35752921,https://inaturalist-open-data.s3.amazonaws.com/photos/56414090/medium.jpg,infections/canker/canker_56414090.jpg,"(c) Mary Mirasola, some rights reserved (CC BY-NC)",canker,infections,118022
2026-03-24T22:34:45.289743+00:00,https://www.inaturalist.org/observations/160331117,https://inaturalist-open-data.s3.amazonaws.com/photos/277047093/medium.jpg,infections/canker/canker_277047093.jpg,"(c) Cho Fungi, some rights reserved (CC BY-NC)",canker,infections,118022
2026-03-24T22:34:45.863826+00:00,https://www.inaturalist.org/observations/160331117,https://inaturalist-open-data.s3.amazonaws.com/photos/277047289/medium.jpg,infections/canker/canker_277047289.jpg,"(c) Cho Fungi, some rights reserved (CC BY-NC)",canker,infections,118022
2026-03-24T22:34:46.432767+00:00,https://www.inaturalist.org/observations/19047481,https://inaturalist-open-data.s3.amazonaws.com/photos/29217178/medium.jpg,infections/canker/canker_29217178.jpg,"(c) Иван Матершев, some rights reserved (CC BY-NC)",canker,infections,118022
2026-03-24T22:34:47.024888+00:00,https://www.inaturalist.org/observations/19047481,https://inaturalist-open-data.s3.amazonaws.com/photos/29217180/medium.jpg,infections/canker/canker_29217180.jpg,"(c) Иван Матершев, some rights reserved (CC BY-NC)",canker,infections,118022
2026-03-24T22:34:47.574036+00:00,https://www.inaturalist.org/observations/19047481,https://inaturalist-open-data.s3.amazonaws.com/photos/29217186/medium.jpg,infections/canker/canker_29217186.jpg,"(c) Иван Матершев, some rights reserved (CC BY-NC)",canker,infections,118022
2026-03-24T22:34:48.120259+00:00,https://www.inaturalist.org/observations/19047481,https://inaturalist-open-data.s3.amazonaws.com/photos/29217183/medium.jpg,infections/canker/canker_29217183.jpg,"(c) Иван Матершев, some rights reserved (CC BY-NC)",canker,infections,118022
2026-03-24T22:34:48.699499+00:00,https://www.inaturalist.org/observations/19047481,https://inaturalist-open-data.s3.amazonaws.com/photos/29217190/medium.jpg,infections/canker/canker_29217190.jpg,"(c) Иван Матершев, some rights reserved (CC BY-NC)",canker,infections,118022
2026-03-24T22:34:49.155857+00:00,https://www.inaturalist.org/observations/4738327,https://inaturalist-open-data.s3.amazonaws.com/photos/5735666/medium.jpeg,infections/canker/canker_5735666.jpg,"(c) Alan Rockefeller, some rights reserved (CC BY)",canker,infections,118022
2026-03-24T22:34:49.707117+00:00,https://www.inaturalist.org/observations/4738327,https://inaturalist-open-data.s3.amazonaws.com/photos/5735667/medium.jpeg,infections/canker/canker_5735667.jpg,"(c) Alan Rockefeller, some rights reserved (CC BY)",canker,infections,118022
2026-03-24T22:34:50.213271+00:00,https://www.inaturalist.org/observations/4738327,https://inaturalist-open-data.s3.amazonaws.com/photos/5735668/medium.jpeg,infections/canker/canker_5735668.jpg,"(c) Alan Rockefeller, some rights reserved (CC BY)",canker,infections,118022
2026-03-24T22:34:50.732154+00:00,https://www.inaturalist.org/observations/4738327,https://inaturalist-open-data.s3.amazonaws.com/photos/5735669/medium.jpeg,infections/canker/canker_5735669.jpg,"(c) Alan Rockefeller, some rights reserved (CC BY)",canker,infections,118022
2026-03-24T22:34:51.241360+00:00,https://www.inaturalist.org/observations/4738327,https://inaturalist-open-data.s3.amazonaws.com/photos/5735670/medium.jpeg,infections/canker/canker_5735670.jpg,"(c) Alan Rockefeller, some rights reserved (CC BY)",canker,infections,118022
2026-03-24T22:34:51.764685+00:00,https://www.inaturalist.org/observations/4738327,https://inaturalist-open-data.s3.amazonaws.com/photos/5735671/medium.jpeg,infections/canker/canker_5735671.jpg,"(c) Alan Rockefeller, some rights reserved (CC BY)",canker,infections,118022
2026-03-24T22:34:54.480949+00:00,https://www.inaturalist.org/observations/332209400,https://inaturalist-open-data.s3.amazonaws.com/photos/602839498/medium.jpg,infections/crown gall/crown_gall_602839498.jpg,"(c) Alex Uematsu, some rights reserved (CC BY-NC)",crown gall,infections,485613
2026-03-24T22:34:54.992940+00:00,https://www.inaturalist.org/observations/332209400,https://inaturalist-open-data.s3.amazonaws.com/photos/602839184/medium.jpg,infections/crown gall/crown_gall_602839184.jpg,"(c) Alex Uematsu, some rights reserved (CC BY-NC)",crown gall,infections,485613
2026-03-24T22:34:55.581296+00:00,https://www.inaturalist.org/observations/332209400,https://inaturalist-open-data.s3.amazonaws.com/photos/602839258/medium.jpg,infections/crown gall/crown_gall_602839258.jpg,"(c) Alex Uematsu, some rights reserved (CC BY-NC)",crown gall,infections,485613
2026-03-24T22:34:56.127962+00:00,https://www.inaturalist.org/observations/332209400,https://inaturalist-open-data.s3.amazonaws.com/photos/602839828/medium.jpg,infections/crown gall/crown_gall_602839828.jpg,"(c) Alex Uematsu, some rights reserved (CC BY-NC)",crown gall,infections,485613
2026-03-24T22:34:56.637267+00:00,https://www.inaturalist.org/observations/338993294,https://inaturalist-open-data.s3.amazonaws.com/photos/616575705/medium.jpg,infections/crown gall/crown_gall_616575705.jpg,"(c) Dinesh Valke, some rights reserved (CC BY-SA)",crown gall,infections,485613
2026-03-24T22:34:57.137710+00:00,https://www.inaturalist.org/observations/338993294,https://inaturalist-open-data.s3.amazonaws.com/photos/616575710/medium.jpg,infections/crown gall/crown_gall_616575710.jpg,"(c) Dinesh Valke, some rights reserved (CC BY-SA)",crown gall,infections,485613
2026-03-24T22:34:57.644816+00:00,https://www.inaturalist.org/observations/338993294,https://inaturalist-open-data.s3.amazonaws.com/photos/616575716/medium.jpg,infections/crown gall/crown_gall_616575716.jpg,"(c) Dinesh Valke, some rights reserved (CC BY-SA)",crown gall,infections,485613
2026-03-24T22:34:58.181862+00:00,https://www.inaturalist.org/observations/327289334,https://inaturalist-open-data.s3.amazonaws.com/photos/592905826/medium.jpg,infections/crown gall/crown_gall_592905826.jpg,"(c) Jamie O'Neill, some rights reserved (CC BY)",crown gall,infections,485613
2026-03-24T22:34:58.673546+00:00,https://www.inaturalist.org/observations/327289334,https://inaturalist-open-data.s3.amazonaws.com/photos/592905852/medium.jpg,infections/crown gall/crown_gall_592905852.jpg,"(c) Jamie O'Neill, some rights reserved (CC BY)",crown gall,infections,485613
2026-03-24T22:34:59.198240+00:00,https://www.inaturalist.org/observations/327289334,https://inaturalist-open-data.s3.amazonaws.com/photos/592912536/medium.jpg,infections/crown gall/crown_gall_592912536.jpg,"(c) Jamie O'Neill, some rights reserved (CC BY)",crown gall,infections,485613
2026-03-24T22:34:59.695861+00:00,https://www.inaturalist.org/observations/329907347,https://inaturalist-open-data.s3.amazonaws.com/photos/598111641/medium.jpg,infections/crown gall/crown_gall_598111641.jpg,"(c) fabian_karner, some rights reserved (CC BY-NC)",crown gall,infections,485613
2026-03-24T22:35:00.217883+00:00,https://www.inaturalist.org/observations/329907347,https://inaturalist-open-data.s3.amazonaws.com/photos/598111670/medium.jpg,infections/crown gall/crown_gall_598111670.jpg,"(c) fabian_karner, some rights reserved (CC BY-NC)",crown gall,infections,485613
2026-03-24T22:35:00.770336+00:00,https://www.inaturalist.org/observations/339437787,https://inaturalist-open-data.s3.amazonaws.com/photos/617486494/medium.jpg,infections/crown gall/crown_gall_617486494.jpg,"(c) Remmy S, some rights reserved (CC BY-NC)",crown gall,infections,485613
2026-03-24T22:35:01.293542+00:00,https://www.inaturalist.org/observations/339215811,https://inaturalist-open-data.s3.amazonaws.com/photos/617028864/medium.jpg,infections/crown gall/crown_gall_617028864.jpg,"(c) Richard Stromberg, some rights reserved (CC BY-NC)",crown gall,infections,485613
2026-03-24T22:35:01.883241+00:00,https://www.inaturalist.org/observations/330089837,https://inaturalist-open-data.s3.amazonaws.com/photos/598485616/medium.jpg,infections/crown gall/crown_gall_598485616.jpg,"(c) suvisivula, some rights reserved (CC BY-NC)",crown gall,infections,485613
2026-03-24T22:35:06.120342+00:00,https://www.inaturalist.org/observations/25011370,https://inaturalist-open-data.s3.amazonaws.com/photos/38700251/medium.jpg,infections/rot/rot_38700251.jpg,"(c) emilyandandrewtillinghast, some rights reserved (CC BY-NC)",rot,infections,55930
2026-03-24T22:35:06.741277+00:00,https://www.inaturalist.org/observations/66909285,https://inaturalist-open-data.s3.amazonaws.com/photos/107972527/medium.jpeg,infections/rot/rot_107972527.jpg,"(c) Christian Schwarz, some rights reserved (CC BY-NC)",rot,infections,55930
2026-03-24T22:35:07.363927+00:00,https://www.inaturalist.org/observations/66909285,https://inaturalist-open-data.s3.amazonaws.com/photos/107972534/medium.jpeg,infections/rot/rot_107972534.jpg,"(c) Christian Schwarz, some rights reserved (CC BY-NC)",rot,infections,55930
2026-03-24T22:35:07.882231+00:00,https://www.inaturalist.org/observations/3476295,https://inaturalist-open-data.s3.amazonaws.com/photos/4041144/medium.jpg,infections/rot/rot_4041144.jpg,"(c) Dougal Townsend, some rights reserved (CC BY-NC)",rot,infections,55930
2026-03-24T22:35:08.401745+00:00,https://www.inaturalist.org/observations/3476295,https://inaturalist-open-data.s3.amazonaws.com/photos/4041145/medium.jpg,infections/rot/rot_4041145.jpg,"(c) Dougal Townsend, some rights reserved (CC BY-NC)",rot,infections,55930
2026-03-24T22:35:08.914985+00:00,https://www.inaturalist.org/observations/3476295,https://inaturalist-open-data.s3.amazonaws.com/photos/4044275/medium.jpg,infections/rot/rot_4044275.jpg,"(c) Dougal Townsend, some rights reserved (CC BY-NC)",rot,infections,55930
2026-03-24T22:35:09.423638+00:00,https://www.inaturalist.org/observations/3476295,https://inaturalist-open-data.s3.amazonaws.com/photos/4044276/medium.jpg,infections/rot/rot_4044276.jpg,"(c) Dougal Townsend, some rights reserved (CC BY-NC)",rot,infections,55930
2026-03-24T22:35:10.014272+00:00,https://www.inaturalist.org/observations/3549679,https://inaturalist-open-data.s3.amazonaws.com/photos/4134685/medium.,infections/rot/rot_4134685.jpg,"(c) Christian Schwarz, some rights reserved (CC BY-NC)",rot,infections,55930
2026-03-24T22:35:10.585007+00:00,https://www.inaturalist.org/observations/244177483,https://inaturalist-open-data.s3.amazonaws.com/photos/435526544/medium.jpeg,infections/rot/rot_435526544.jpg,"(c) Cody Chapman, some rights reserved (CC BY-NC)",rot,infections,55930
2026-03-24T22:35:11.150850+00:00,https://www.inaturalist.org/observations/244177483,https://inaturalist-open-data.s3.amazonaws.com/photos/435526601/medium.jpeg,infections/rot/rot_435526601.jpg,"(c) Cody Chapman, some rights reserved (CC BY-NC)",rot,infections,55930
2026-03-24T22:35:11.761485+00:00,https://www.inaturalist.org/observations/27678509,https://inaturalist-open-data.s3.amazonaws.com/photos/43089713/medium.jpg,infections/rot/rot_43089713.jpg,"(c) Andrew Cannon, some rights reserved (CC BY-NC)",rot,infections,55930
2026-03-24T22:35:12.370115+00:00,https://www.inaturalist.org/observations/35457701,https://inaturalist-open-data.s3.amazonaws.com/photos/55911047/medium.jpeg,infections/rot/rot_55911047.jpg,"(c) Christian Schwarz, some rights reserved (CC BY-NC)",rot,infections,55930
2026-03-24T22:35:12.984627+00:00,https://www.inaturalist.org/observations/226325539,https://inaturalist-open-data.s3.amazonaws.com/photos/401375359/medium.jpeg,infections/rot/rot_401375359.jpg,"(c) Mandy Hackney, some rights reserved (CC BY)",rot,infections,55930
2026-03-24T22:35:13.540001+00:00,https://www.inaturalist.org/observations/226325539,https://inaturalist-open-data.s3.amazonaws.com/photos/401375401/medium.jpeg,infections/rot/rot_401375401.jpg,"(c) Mandy Hackney, some rights reserved (CC BY)",rot,infections,55930
2026-03-24T22:35:14.089271+00:00,https://www.inaturalist.org/observations/226325539,https://inaturalist-open-data.s3.amazonaws.com/photos/401375431/medium.jpeg,infections/rot/rot_401375431.jpg,"(c) Mandy Hackney, some rights reserved (CC BY)",rot,infections,55930
2026-03-24T22:35:18.220780+00:00,https://www.inaturalist.org/observations/4747086,https://inaturalist-open-data.s3.amazonaws.com/photos/476192554/medium.jpg,infections/anthracnose/anthracnose_476192554.jpg,"(c) Alan Rockefeller, some rights reserved (CC BY)",anthracnose,infections,323958
2026-03-24T22:35:18.841431+00:00,https://www.inaturalist.org/observations/4747086,https://inaturalist-open-data.s3.amazonaws.com/photos/5764239/medium.jpeg,infections/anthracnose/anthracnose_5764239.jpg,"(c) Alan Rockefeller, some rights reserved (CC BY)",anthracnose,infections,323958
2026-03-24T22:35:19.471971+00:00,https://www.inaturalist.org/observations/4747086,https://inaturalist-open-data.s3.amazonaws.com/photos/5764240/medium.jpeg,infections/anthracnose/anthracnose_5764240.jpg,"(c) Alan Rockefeller, some rights reserved (CC BY)",anthracnose,infections,323958
2026-03-24T22:35:20.049329+00:00,https://www.inaturalist.org/observations/4747086,https://inaturalist-open-data.s3.amazonaws.com/photos/5764241/medium.jpeg,infections/anthracnose/anthracnose_5764241.jpg,"(c) Alan Rockefeller, some rights reserved (CC BY)",anthracnose,infections,323958
2026-03-24T22:35:20.485220+00:00,https://www.inaturalist.org/observations/4747086,https://inaturalist-open-data.s3.amazonaws.com/photos/5764242/medium.jpeg,infections/anthracnose/anthracnose_5764242.jpg,"(c) Alan Rockefeller, some rights reserved (CC BY)",anthracnose,infections,323958
2026-03-24T22:35:21.077932+00:00,https://www.inaturalist.org/observations/4747086,https://inaturalist-open-data.s3.amazonaws.com/photos/5764243/medium.jpeg,infections/anthracnose/anthracnose_5764243.jpg,"(c) Alan Rockefeller, some rights reserved (CC BY)",anthracnose,infections,323958
2026-03-24T22:35:21.751462+00:00,https://www.inaturalist.org/observations/4747086,https://inaturalist-open-data.s3.amazonaws.com/photos/5764244/medium.jpeg,infections/anthracnose/anthracnose_5764244.jpg,"(c) Alan Rockefeller, some rights reserved (CC BY)",anthracnose,infections,323958
2026-03-24T22:35:22.371446+00:00,https://www.inaturalist.org/observations/4747086,https://inaturalist-open-data.s3.amazonaws.com/photos/5764246/medium.jpeg,infections/anthracnose/anthracnose_5764246.jpg,"(c) Alan Rockefeller, some rights reserved (CC BY)",anthracnose,infections,323958
2026-03-24T22:35:22.954308+00:00,https://www.inaturalist.org/observations/4747086,https://inaturalist-open-data.s3.amazonaws.com/photos/5764247/medium.jpeg,infections/anthracnose/anthracnose_5764247.jpg,"(c) Alan Rockefeller, some rights reserved (CC BY)",anthracnose,infections,323958
2026-03-24T22:35:23.557132+00:00,https://www.inaturalist.org/observations/4747086,https://inaturalist-open-data.s3.amazonaws.com/photos/5764248/medium.jpeg,infections/anthracnose/anthracnose_5764248.jpg,"(c) Alan Rockefeller, some rights reserved (CC BY)",anthracnose,infections,323958
2026-03-24T22:35:24.204679+00:00,https://www.inaturalist.org/observations/4747086,https://inaturalist-open-data.s3.amazonaws.com/photos/5764250/medium.jpeg,infections/anthracnose/anthracnose_5764250.jpg,"(c) Alan Rockefeller, some rights reserved (CC BY)",anthracnose,infections,323958
2026-03-24T22:35:24.800771+00:00,https://www.inaturalist.org/observations/4747086,https://inaturalist-open-data.s3.amazonaws.com/photos/5764251/medium.jpeg,infections/anthracnose/anthracnose_5764251.jpg,"(c) Alan Rockefeller, some rights reserved (CC BY)",anthracnose,infections,323958
2026-03-24T22:35:25.410490+00:00,https://www.inaturalist.org/observations/4747086,https://inaturalist-open-data.s3.amazonaws.com/photos/5764252/medium.jpeg,infections/anthracnose/anthracnose_5764252.jpg,"(c) Alan Rockefeller, some rights reserved (CC BY)",anthracnose,infections,323958
2026-03-24T22:35:26.021983+00:00,https://www.inaturalist.org/observations/1046072,https://inaturalist-open-data.s3.amazonaws.com/photos/1312698/medium.jpg,infections/anthracnose/anthracnose_1312698.jpg,"(c) Jerry Cooper, some rights reserved (CC BY)",anthracnose,infections,323958
2026-03-24T22:35:26.635895+00:00,https://www.inaturalist.org/observations/1046072,https://inaturalist-open-data.s3.amazonaws.com/photos/1312699/medium.jpg,infections/anthracnose/anthracnose_1312699.jpg,"(c) Jerry Cooper, some rights reserved (CC BY)",anthracnose,infections,323958
2026-03-24T22:35:30.002779+00:00,https://www.inaturalist.org/observations/239859211,https://inaturalist-open-data.s3.amazonaws.com/photos/427251538/medium.jpeg,infections/dutch elm disease/dutch_elm_disease_427251538.jpg,"(c) Chuck Thomas, some rights reserved (CC BY-NC)",dutch elm disease,infections,1571559
2026-03-24T22:35:30.652826+00:00,https://www.inaturalist.org/observations/239859211,https://inaturalist-open-data.s3.amazonaws.com/photos/427254021/medium.jpeg,infections/dutch elm disease/dutch_elm_disease_427254021.jpg,"(c) Chuck Thomas, some rights reserved (CC BY-NC)",dutch elm disease,infections,1571559
2026-03-24T22:35:31.250785+00:00,https://www.inaturalist.org/observations/239859211,https://inaturalist-open-data.s3.amazonaws.com/photos/427254053/medium.jpeg,infections/dutch elm disease/dutch_elm_disease_427254053.jpg,"(c) Chuck Thomas, some rights reserved (CC BY-NC)",dutch elm disease,infections,1571559
2026-03-24T22:35:31.793618+00:00,https://www.inaturalist.org/observations/239859211,https://inaturalist-open-data.s3.amazonaws.com/photos/427254063/medium.jpeg,infections/dutch elm disease/dutch_elm_disease_427254063.jpg,"(c) Chuck Thomas, some rights reserved (CC BY-NC)",dutch elm disease,infections,1571559
2026-03-24T22:35:32.371641+00:00,https://www.inaturalist.org/observations/239859211,https://inaturalist-open-data.s3.amazonaws.com/photos/427254097/medium.jpeg,infections/dutch elm disease/dutch_elm_disease_427254097.jpg,"(c) Chuck Thomas, some rights reserved (CC BY-NC)",dutch elm disease,infections,1571559
2026-03-24T22:35:32.985910+00:00,https://www.inaturalist.org/observations/239859211,https://inaturalist-open-data.s3.amazonaws.com/photos/427254120/medium.jpeg,infections/dutch elm disease/dutch_elm_disease_427254120.jpg,"(c) Chuck Thomas, some rights reserved (CC BY-NC)",dutch elm disease,infections,1571559
2026-03-24T22:35:33.536497+00:00,https://www.inaturalist.org/observations/239859211,https://inaturalist-open-data.s3.amazonaws.com/photos/427254132/medium.jpeg,infections/dutch elm disease/dutch_elm_disease_427254132.jpg,"(c) Chuck Thomas, some rights reserved (CC BY-NC)",dutch elm disease,infections,1571559
2026-03-24T22:35:34.115148+00:00,https://www.inaturalist.org/observations/239859211,https://inaturalist-open-data.s3.amazonaws.com/photos/427254146/medium.jpeg,infections/dutch elm disease/dutch_elm_disease_427254146.jpg,"(c) Chuck Thomas, some rights reserved (CC BY-NC)",dutch elm disease,infections,1571559
2026-03-24T22:35:34.701400+00:00,https://www.inaturalist.org/observations/239859211,https://inaturalist-open-data.s3.amazonaws.com/photos/427254164/medium.jpeg,infections/dutch elm disease/dutch_elm_disease_427254164.jpg,"(c) Chuck Thomas, some rights reserved (CC BY-NC)",dutch elm disease,infections,1571559
2026-03-24T22:35:35.311199+00:00,https://www.inaturalist.org/observations/239859211,https://inaturalist-open-data.s3.amazonaws.com/photos/427254206/medium.jpeg,infections/dutch elm disease/dutch_elm_disease_427254206.jpg,"(c) Chuck Thomas, some rights reserved (CC BY-NC)",dutch elm disease,infections,1571559
2026-03-24T22:35:35.967621+00:00,https://www.inaturalist.org/observations/239859211,https://inaturalist-open-data.s3.amazonaws.com/photos/427254225/medium.jpeg,infections/dutch elm disease/dutch_elm_disease_427254225.jpg,"(c) Chuck Thomas, some rights reserved (CC BY-NC)",dutch elm disease,infections,1571559
2026-03-24T22:35:36.512299+00:00,https://www.inaturalist.org/observations/343565611,https://inaturalist-open-data.s3.amazonaws.com/photos/625866443/medium.jpg,infections/dutch elm disease/dutch_elm_disease_625866443.jpg,"(c) usernameistooshort, some rights reserved (CC BY-NC)",dutch elm disease,infections,1571559
2026-03-24T22:35:37.102654+00:00,https://www.inaturalist.org/observations/343565611,https://inaturalist-open-data.s3.amazonaws.com/photos/625866472/medium.jpg,infections/dutch elm disease/dutch_elm_disease_625866472.jpg,"(c) usernameistooshort, some rights reserved (CC BY-NC)",dutch elm disease,infections,1571559
2026-03-24T22:35:37.658635+00:00,https://www.inaturalist.org/observations/343565611,https://inaturalist-open-data.s3.amazonaws.com/photos/625866526/medium.jpg,infections/dutch elm disease/dutch_elm_disease_625866526.jpg,"(c) usernameistooshort, some rights reserved (CC BY-NC)",dutch elm disease,infections,1571559
2026-03-24T22:35:38.285617+00:00,https://www.inaturalist.org/observations/247312875,https://inaturalist-open-data.s3.amazonaws.com/photos/441680492/medium.jpeg,infections/dutch elm disease/dutch_elm_disease_441680492.jpg,"(c) Johan Adler, some rights reserved (CC BY)",dutch elm disease,infections,1571559
2026-03-24T22:35:42.365313+00:00,https://www.inaturalist.org/observations/109902851,https://inaturalist-open-data.s3.amazonaws.com/photos/185318551/medium.jpg,infections/downy mildew/downy_mildew_185318551.jpg,"(c) Krissa Klein, some rights reserved (CC BY-NC)",downy mildew,infections,52598
2026-03-24T22:35:42.910718+00:00,https://www.inaturalist.org/observations/109902851,https://inaturalist-open-data.s3.amazonaws.com/photos/185318532/medium.jpg,infections/downy mildew/downy_mildew_185318532.jpg,"(c) Krissa Klein, some rights reserved (CC BY-NC)",downy mildew,infections,52598
2026-03-24T22:35:43.519173+00:00,https://www.inaturalist.org/observations/109902851,https://inaturalist-open-data.s3.amazonaws.com/photos/185318511/medium.jpg,infections/downy mildew/downy_mildew_185318511.jpg,"(c) Krissa Klein, some rights reserved (CC BY-NC)",downy mildew,infections,52598
2026-03-24T22:35:44.333724+00:00,https://www.inaturalist.org/observations/109902851,https://inaturalist-open-data.s3.amazonaws.com/photos/185318544/medium.jpg,infections/downy mildew/downy_mildew_185318544.jpg,"(c) Krissa Klein, some rights reserved (CC BY-NC)",downy mildew,infections,52598
2026-03-24T22:35:44.950488+00:00,https://www.inaturalist.org/observations/109902851,https://inaturalist-open-data.s3.amazonaws.com/photos/185318641/medium.jpeg,infections/downy mildew/downy_mildew_185318641.jpg,"(c) Krissa Klein, some rights reserved (CC BY-NC)",downy mildew,infections,52598
2026-03-24T22:35:45.547929+00:00,https://www.inaturalist.org/observations/109902851,https://inaturalist-open-data.s3.amazonaws.com/photos/185318649/medium.jpeg,infections/downy mildew/downy_mildew_185318649.jpg,"(c) Krissa Klein, some rights reserved (CC BY-NC)",downy mildew,infections,52598
2026-03-24T22:35:46.212365+00:00,https://www.inaturalist.org/observations/109902851,https://inaturalist-open-data.s3.amazonaws.com/photos/185318643/medium.jpeg,infections/downy mildew/downy_mildew_185318643.jpg,"(c) Krissa Klein, some rights reserved (CC BY-NC)",downy mildew,infections,52598
2026-03-24T22:35:46.792535+00:00,https://www.inaturalist.org/observations/211585771,https://inaturalist-open-data.s3.amazonaws.com/photos/374029840/medium.jpeg,infections/downy mildew/downy_mildew_374029840.jpg,"(c) dlbowls, some rights reserved (CC BY-NC)",downy mildew,infections,52598
2026-03-24T22:35:47.374511+00:00,https://www.inaturalist.org/observations/211585771,https://inaturalist-open-data.s3.amazonaws.com/photos/374029785/medium.jpeg,infections/downy mildew/downy_mildew_374029785.jpg,"(c) dlbowls, some rights reserved (CC BY-NC)",downy mildew,infections,52598
2026-03-24T22:35:47.869783+00:00,https://www.inaturalist.org/observations/203032196,https://inaturalist-open-data.s3.amazonaws.com/photos/358662055/medium.jpg,infections/downy mildew/downy_mildew_358662055.jpg,"(c) Senna Bryce Robeson, some rights reserved (CC BY)",downy mildew,infections,52598
2026-03-24T22:35:48.377976+00:00,https://www.inaturalist.org/observations/203032196,https://inaturalist-open-data.s3.amazonaws.com/photos/358662069/medium.jpg,infections/downy mildew/downy_mildew_358662069.jpg,"(c) Senna Bryce Robeson, some rights reserved (CC BY)",downy mildew,infections,52598
2026-03-24T22:35:48.842782+00:00,https://www.inaturalist.org/observations/203032196,https://inaturalist-open-data.s3.amazonaws.com/photos/358662083/medium.jpg,infections/downy mildew/downy_mildew_358662083.jpg,"(c) Senna Bryce Robeson, some rights reserved (CC BY)",downy mildew,infections,52598
2026-03-24T22:35:49.455284+00:00,https://www.inaturalist.org/observations/203032196,https://inaturalist-open-data.s3.amazonaws.com/photos/358662031/medium.jpg,infections/downy mildew/downy_mildew_358662031.jpg,"(c) Senna Bryce Robeson, some rights reserved (CC BY)",downy mildew,infections,52598
2026-03-24T22:35:50.020912+00:00,https://www.inaturalist.org/observations/203032196,https://inaturalist-open-data.s3.amazonaws.com/photos/358662040/medium.jpg,infections/downy mildew/downy_mildew_358662040.jpg,"(c) Senna Bryce Robeson, some rights reserved (CC BY)",downy mildew,infections,52598
2026-03-24T22:35:50.595273+00:00,https://www.inaturalist.org/observations/124516402,https://inaturalist-open-data.s3.amazonaws.com/photos/211061651/medium.jpeg,infections/downy mildew/downy_mildew_211061651.jpg,"(c) Juha Tuomola, some rights reserved (CC BY-NC)",downy mildew,infections,52598
2026-03-24T22:35:54.256438+00:00,https://www.inaturalist.org/observations/245189269,https://inaturalist-open-data.s3.amazonaws.com/photos/437488364/medium.jpeg,infections/powdery mildew/powdery_mildew_437488364.jpg,"(c) Grace Stark, some rights reserved (CC BY-NC)",powdery mildew,infections,55525
2026-03-24T22:35:54.842721+00:00,https://www.inaturalist.org/observations/245189269,https://inaturalist-open-data.s3.amazonaws.com/photos/437489567/medium.jpeg,infections/powdery mildew/powdery_mildew_437489567.jpg,"(c) Grace Stark, some rights reserved (CC BY-NC)",powdery mildew,infections,55525
2026-03-24T22:35:55.420336+00:00,https://www.inaturalist.org/observations/245189269,https://inaturalist-open-data.s3.amazonaws.com/photos/437489595/medium.jpeg,infections/powdery mildew/powdery_mildew_437489595.jpg,"(c) Grace Stark, some rights reserved (CC BY-NC)",powdery mildew,infections,55525
2026-03-24T22:35:56.057365+00:00,https://www.inaturalist.org/observations/245189269,https://inaturalist-open-data.s3.amazonaws.com/photos/437489582/medium.jpeg,infections/powdery mildew/powdery_mildew_437489582.jpg,"(c) Grace Stark, some rights reserved (CC BY-NC)",powdery mildew,infections,55525
2026-03-24T22:35:56.611209+00:00,https://www.inaturalist.org/observations/245189269,https://inaturalist-open-data.s3.amazonaws.com/photos/437488367/medium.jpeg,infections/powdery mildew/powdery_mildew_437488367.jpg,"(c) Grace Stark, some rights reserved (CC BY-NC)",powdery mildew,infections,55525
2026-03-24T22:35:57.204332+00:00,https://www.inaturalist.org/observations/245189269,https://inaturalist-open-data.s3.amazonaws.com/photos/437488379/medium.jpeg,infections/powdery mildew/powdery_mildew_437488379.jpg,"(c) Grace Stark, some rights reserved (CC BY-NC)",powdery mildew,infections,55525
2026-03-24T22:35:57.754510+00:00,https://www.inaturalist.org/observations/245189269,https://inaturalist-open-data.s3.amazonaws.com/photos/437488395/medium.jpeg,infections/powdery mildew/powdery_mildew_437488395.jpg,"(c) Grace Stark, some rights reserved (CC BY-NC)",powdery mildew,infections,55525
2026-03-24T22:35:58.358689+00:00,https://www.inaturalist.org/observations/245189269,https://inaturalist-open-data.s3.amazonaws.com/photos/437489611/medium.jpeg,infections/powdery mildew/powdery_mildew_437489611.jpg,"(c) Grace Stark, some rights reserved (CC BY-NC)",powdery mildew,infections,55525
2026-03-24T22:35:59.015301+00:00,https://www.inaturalist.org/observations/183798421,https://inaturalist-open-data.s3.amazonaws.com/photos/320712583/medium.jpeg,infections/powdery mildew/powdery_mildew_320712583.jpg,"(c) Zihao Wang, some rights reserved (CC BY)",powdery mildew,infections,55525
2026-03-24T22:35:59.631110+00:00,https://www.inaturalist.org/observations/183798421,https://inaturalist-open-data.s3.amazonaws.com/photos/320712605/medium.jpeg,infections/powdery mildew/powdery_mildew_320712605.jpg,"(c) Zihao Wang, some rights reserved (CC BY)",powdery mildew,infections,55525
2026-03-24T22:36:00.251059+00:00,https://www.inaturalist.org/observations/183798421,https://inaturalist-open-data.s3.amazonaws.com/photos/320712636/medium.jpeg,infections/powdery mildew/powdery_mildew_320712636.jpg,"(c) Zihao Wang, some rights reserved (CC BY)",powdery mildew,infections,55525
2026-03-24T22:36:00.967553+00:00,https://www.inaturalist.org/observations/183798421,https://inaturalist-open-data.s3.amazonaws.com/photos/320712662/medium.jpeg,infections/powdery mildew/powdery_mildew_320712662.jpg,"(c) Zihao Wang, some rights reserved (CC BY)",powdery mildew,infections,55525
2026-03-24T22:36:01.582471+00:00,https://www.inaturalist.org/observations/183798421,https://inaturalist-open-data.s3.amazonaws.com/photos/320712681/medium.jpeg,infections/powdery mildew/powdery_mildew_320712681.jpg,"(c) Zihao Wang, some rights reserved (CC BY)",powdery mildew,infections,55525
2026-03-24T22:36:02.207113+00:00,https://www.inaturalist.org/observations/183798421,https://inaturalist-open-data.s3.amazonaws.com/photos/320712701/medium.jpeg,infections/powdery mildew/powdery_mildew_320712701.jpg,"(c) Zihao Wang, some rights reserved (CC BY)",powdery mildew,infections,55525
2026-03-24T22:36:02.775303+00:00,https://www.inaturalist.org/observations/183798421,https://inaturalist-open-data.s3.amazonaws.com/photos/320712718/medium.jpeg,infections/powdery mildew/powdery_mildew_320712718.jpg,"(c) Zihao Wang, some rights reserved (CC BY)",powdery mildew,infections,55525
2026-03-24T22:36:06.018644+00:00,https://www.inaturalist.org/observations/123568882,https://inaturalist-open-data.s3.amazonaws.com/photos/209342757/medium.jpg,infections/rust/rust_209342757.jpg,"(c) Nicolás Poblete, some rights reserved (CC BY-NC)",rust,infections,69968
2026-03-24T22:36:06.566157+00:00,https://www.inaturalist.org/observations/40990811,https://inaturalist-open-data.s3.amazonaws.com/photos/64997128/medium.jpg,infections/rust/rust_64997128.jpg,no rights reserved,rust,infections,69968
2026-03-24T22:36:07.078425+00:00,https://www.inaturalist.org/observations/137938585,https://inaturalist-open-data.s3.amazonaws.com/photos/235673351/medium.jpg,infections/rust/rust_235673351.jpg,"(c) Damon Tighe, some rights reserved (CC BY-NC)",rust,infections,69968
2026-03-24T22:36:07.578108+00:00,https://www.inaturalist.org/observations/137938585,https://inaturalist-open-data.s3.amazonaws.com/photos/235673365/medium.jpg,infections/rust/rust_235673365.jpg,"(c) Damon Tighe, some rights reserved (CC BY-NC)",rust,infections,69968
2026-03-24T22:36:08.052496+00:00,https://www.inaturalist.org/observations/137938585,https://inaturalist-open-data.s3.amazonaws.com/photos/235673379/medium.jpg,infections/rust/rust_235673379.jpg,"(c) Damon Tighe, some rights reserved (CC BY-NC)",rust,infections,69968
2026-03-24T22:36:08.644397+00:00,https://www.inaturalist.org/observations/137938585,https://inaturalist-open-data.s3.amazonaws.com/photos/235673397/medium.jpg,infections/rust/rust_235673397.jpg,"(c) Damon Tighe, some rights reserved (CC BY-NC)",rust,infections,69968
2026-03-24T22:36:09.530440+00:00,https://www.inaturalist.org/observations/137938585,https://inaturalist-open-data.s3.amazonaws.com/photos/235673404/medium.jpg,infections/rust/rust_235673404.jpg,"(c) Damon Tighe, some rights reserved (CC BY-NC)",rust,infections,69968
2026-03-24T22:36:10.278488+00:00,https://www.inaturalist.org/observations/137938585,https://inaturalist-open-data.s3.amazonaws.com/photos/235673414/medium.jpg,infections/rust/rust_235673414.jpg,"(c) Damon Tighe, some rights reserved (CC BY-NC)",rust,infections,69968
2026-03-24T22:36:10.798708+00:00,https://www.inaturalist.org/observations/201398627,https://inaturalist-open-data.s3.amazonaws.com/photos/355513470/medium.jpg,infections/rust/rust_355513470.jpg,"(c) Jan Thornhill, some rights reserved (CC BY-NC)",rust,infections,69968
2026-03-24T22:36:11.287656+00:00,https://www.inaturalist.org/observations/201398627,https://inaturalist-open-data.s3.amazonaws.com/photos/355513477/medium.jpeg,infections/rust/rust_355513477.jpg,"(c) Jan Thornhill, some rights reserved (CC BY-NC)",rust,infections,69968
2026-03-24T22:36:11.904746+00:00,https://www.inaturalist.org/observations/174799532,https://inaturalist-open-data.s3.amazonaws.com/photos/304269816/medium.jpg,infections/rust/rust_304269816.jpg,"(c) Dean Lyons, some rights reserved (CC BY-NC)",rust,infections,69968
2026-03-24T22:36:12.471225+00:00,https://www.inaturalist.org/observations/174799532,https://inaturalist-open-data.s3.amazonaws.com/photos/304269821/medium.jpg,infections/rust/rust_304269821.jpg,"(c) Dean Lyons, some rights reserved (CC BY-NC)",rust,infections,69968
2026-03-24T22:36:13.037342+00:00,https://www.inaturalist.org/observations/174799532,https://inaturalist-open-data.s3.amazonaws.com/photos/304269812/medium.jpg,infections/rust/rust_304269812.jpg,"(c) Dean Lyons, some rights reserved (CC BY-NC)",rust,infections,69968
2026-03-24T22:36:13.584444+00:00,https://www.inaturalist.org/observations/174799532,https://inaturalist-open-data.s3.amazonaws.com/photos/303718033/medium.jpg,infections/rust/rust_303718033.jpg,"(c) Dean Lyons, some rights reserved (CC BY-NC)",rust,infections,69968
2026-03-24T22:36:14.097727+00:00,https://www.inaturalist.org/observations/174799532,https://inaturalist-open-data.s3.amazonaws.com/photos/303718004/medium.jpg,infections/rust/rust_303718004.jpg,"(c) Dean Lyons, some rights reserved (CC BY-NC)",rust,infections,69968
2026-03-24T22:36:17.129549+00:00,https://www.inaturalist.org/observations/60167916,https://inaturalist-open-data.s3.amazonaws.com/photos/96187468/medium.jpg,infections/scab/scab_96187468.jpg,"(c) sariai, some rights reserved (CC BY-NC)",scab,infections,203151
2026-03-24T22:36:17.613640+00:00,https://www.inaturalist.org/observations/60167916,https://inaturalist-open-data.s3.amazonaws.com/photos/96187522/medium.jpeg,infections/scab/scab_96187522.jpg,"(c) sariai, some rights reserved (CC BY-NC)",scab,infections,203151
2026-03-24T22:36:18.426988+00:00,https://www.inaturalist.org/observations/60167916,https://inaturalist-open-data.s3.amazonaws.com/photos/96187529/medium.jpeg,infections/scab/scab_96187529.jpg,"(c) sariai, some rights reserved (CC BY-NC)",scab,infections,203151
2026-03-24T22:36:19.221387+00:00,https://www.inaturalist.org/observations/60167916,https://inaturalist-open-data.s3.amazonaws.com/photos/96187536/medium.jpeg,infections/scab/scab_96187536.jpg,"(c) sariai, some rights reserved (CC BY-NC)",scab,infections,203151
2026-03-24T22:36:19.814512+00:00,https://www.inaturalist.org/observations/60167916,https://inaturalist-open-data.s3.amazonaws.com/photos/96187552/medium.jpeg,infections/scab/scab_96187552.jpg,"(c) sariai, some rights reserved (CC BY-NC)",scab,infections,203151
2026-03-24T22:36:20.522375+00:00,https://www.inaturalist.org/observations/237151721,https://inaturalist-open-data.s3.amazonaws.com/photos/422010481/medium.jpg,infections/scab/scab_422010481.jpg,"(c) Zachi Mihai, some rights reserved (CC BY-NC)",scab,infections,203151
2026-03-24T22:36:21.109835+00:00,https://www.inaturalist.org/observations/184408977,https://inaturalist-open-data.s3.amazonaws.com/photos/321893150/medium.jpg,infections/scab/scab_321893150.jpg,"(c) naturalist charlie, some rights reserved (CC BY)",scab,infections,203151
2026-03-24T22:36:21.688501+00:00,https://www.inaturalist.org/observations/184408977,https://inaturalist-open-data.s3.amazonaws.com/photos/321893182/medium.jpg,infections/scab/scab_321893182.jpg,"(c) naturalist charlie, some rights reserved (CC BY)",scab,infections,203151
2026-03-24T22:36:22.370323+00:00,https://www.inaturalist.org/observations/135666920,https://inaturalist-open-data.s3.amazonaws.com/photos/231427257/medium.jpeg,infections/scab/scab_231427257.jpg,"(c) carterdewit, some rights reserved (CC BY-NC)",scab,infections,203151
2026-03-24T22:36:23.008391+00:00,https://www.inaturalist.org/observations/323185231,https://inaturalist-open-data.s3.amazonaws.com/photos/584774703/medium.jpg,infections/scab/scab_584774703.jpg,"(c) guywallbanks, some rights reserved (CC BY)",scab,infections,203151
2026-03-24T22:36:23.679758+00:00,https://www.inaturalist.org/observations/242799932,https://inaturalist-open-data.s3.amazonaws.com/photos/432881483/medium.jpeg,infections/scab/scab_432881483.jpg,"(c) David Featherston, some rights reserved (CC BY-NC)",scab,infections,203151
2026-03-24T22:36:24.269450+00:00,https://www.inaturalist.org/observations/238560543,https://inaturalist-open-data.s3.amazonaws.com/photos/424734897/medium.jpeg,infections/scab/scab_424734897.jpg,"(c) Андрей Новгородский, some rights reserved (CC BY-NC)",scab,infections,203151
2026-03-24T22:36:24.902011+00:00,https://www.inaturalist.org/observations/309663370,https://inaturalist-open-data.s3.amazonaws.com/photos/558687946/medium.jpg,infections/scab/scab_558687946.jpg,"(c) Joseph Knight, some rights reserved (CC BY-NC)",scab,infections,203151
2026-03-24T22:36:25.478221+00:00,https://www.inaturalist.org/observations/309663370,https://inaturalist-open-data.s3.amazonaws.com/photos/558687936/medium.jpg,infections/scab/scab_558687936.jpg,"(c) Joseph Knight, some rights reserved (CC BY-NC)",scab,infections,203151
2026-03-24T22:36:25.989294+00:00,https://www.inaturalist.org/observations/309663370,https://inaturalist-open-data.s3.amazonaws.com/photos/558687904/medium.jpg,infections/scab/scab_558687904.jpg,"(c) Joseph Knight, some rights reserved (CC BY-NC)",scab,infections,203151
2026-03-24T22:36:28.772708+00:00,https://www.inaturalist.org/observations/113857841,https://inaturalist-open-data.s3.amazonaws.com/photos/192319093/medium.jpg,infections/smut/smut_192319093.jpg,"(c) Adam J. Searcy, some rights reserved (CC BY)",smut,infections,151803
2026-03-24T22:36:29.403671+00:00,https://www.inaturalist.org/observations/113857841,https://inaturalist-open-data.s3.amazonaws.com/photos/192319173/medium.jpg,infections/smut/smut_192319173.jpg,"(c) Adam J. Searcy, some rights reserved (CC BY)",smut,infections,151803
2026-03-24T22:36:30.096224+00:00,https://www.inaturalist.org/observations/289236099,https://inaturalist-open-data.s3.amazonaws.com/photos/520207575/medium.jpg,infections/smut/smut_520207575.jpg,"(c) Jamie O'Neill, some rights reserved (CC BY)",smut,infections,151803
2026-03-24T22:36:30.649647+00:00,https://www.inaturalist.org/observations/289236099,https://inaturalist-open-data.s3.amazonaws.com/photos/520207623/medium.jpg,infections/smut/smut_520207623.jpg,"(c) Jamie O'Neill, some rights reserved (CC BY)",smut,infections,151803
2026-03-24T22:36:31.302007+00:00,https://www.inaturalist.org/observations/289236099,https://inaturalist-open-data.s3.amazonaws.com/photos/520207771/medium.jpg,infections/smut/smut_520207771.jpg,"(c) Jamie O'Neill, some rights reserved (CC BY)",smut,infections,151803
2026-03-24T22:36:31.943261+00:00,https://www.inaturalist.org/observations/289236099,https://inaturalist-open-data.s3.amazonaws.com/photos/520207775/medium.jpg,infections/smut/smut_520207775.jpg,"(c) Jamie O'Neill, some rights reserved (CC BY)",smut,infections,151803
2026-03-24T22:36:32.582507+00:00,https://www.inaturalist.org/observations/289236099,https://inaturalist-open-data.s3.amazonaws.com/photos/520207779/medium.jpg,infections/smut/smut_520207779.jpg,"(c) Jamie O'Neill, some rights reserved (CC BY)",smut,infections,151803
2026-03-24T22:36:33.197557+00:00,https://www.inaturalist.org/observations/289236099,https://inaturalist-open-data.s3.amazonaws.com/photos/520208299/medium.jpg,infections/smut/smut_520208299.jpg,"(c) Jamie O'Neill, some rights reserved (CC BY)",smut,infections,151803
2026-03-24T22:36:33.871143+00:00,https://www.inaturalist.org/observations/289236099,https://inaturalist-open-data.s3.amazonaws.com/photos/520208459/medium.jpg,infections/smut/smut_520208459.jpg,"(c) Jamie O'Neill, some rights reserved (CC BY)",smut,infections,151803
2026-03-24T22:36:34.504710+00:00,https://www.inaturalist.org/observations/289236099,https://inaturalist-open-data.s3.amazonaws.com/photos/520208348/medium.jpg,infections/smut/smut_520208348.jpg,"(c) Jamie O'Neill, some rights reserved (CC BY)",smut,infections,151803
2026-03-24T22:36:35.210943+00:00,https://www.inaturalist.org/observations/289236099,https://inaturalist-open-data.s3.amazonaws.com/photos/520208400/medium.jpg,infections/smut/smut_520208400.jpg,"(c) Jamie O'Neill, some rights reserved (CC BY)",smut,infections,151803
2026-03-24T22:36:35.773066+00:00,https://www.inaturalist.org/observations/111380279,https://inaturalist-open-data.s3.amazonaws.com/photos/188018112/medium.jpeg,infections/smut/smut_188018112.jpg,"(c) Denise Wight, some rights reserved (CC BY-NC)",smut,infections,151803
2026-03-24T22:36:36.371450+00:00,https://www.inaturalist.org/observations/44188210,https://inaturalist-open-data.s3.amazonaws.com/photos/70054213/medium.jpeg,infections/smut/smut_70054213.jpg,"(c) Damon Tighe, some rights reserved (CC BY-NC)",smut,infections,151803
2026-03-24T22:36:36.911414+00:00,https://www.inaturalist.org/observations/44188210,https://inaturalist-open-data.s3.amazonaws.com/photos/70054227/medium.jpeg,infections/smut/smut_70054227.jpg,"(c) Damon Tighe, some rights reserved (CC BY-NC)",smut,infections,151803
2026-03-24T22:36:37.562200+00:00,https://www.inaturalist.org/observations/28820168,https://inaturalist-open-data.s3.amazonaws.com/photos/44949613/medium.jpg,infections/smut/smut_44949613.jpg,"(c) kevin mason, some rights reserved (CC BY-NC)",smut,infections,151803
2026-03-24T22:36:41.085645+00:00,https://www.inaturalist.org/observations/84354654,https://inaturalist-open-data.s3.amazonaws.com/photos/138632431/medium.jpg,infections/mosaic/mosaic_138632431.jpg,"(c) Susan J. Hewitt, some rights reserved (CC BY-NC)",mosaic,infections,1554913
2026-03-24T22:36:41.659793+00:00,https://www.inaturalist.org/observations/87669429,https://inaturalist-open-data.s3.amazonaws.com/photos/144567409/medium.jpeg,infections/mosaic/mosaic_144567409.jpg,"(c) Cecil Smith, some rights reserved (CC BY)",mosaic,infections,1554913
2026-03-24T22:36:42.348627+00:00,https://www.inaturalist.org/observations/87669429,https://inaturalist-open-data.s3.amazonaws.com/photos/144567387/medium.jpeg,infections/mosaic/mosaic_144567387.jpg,"(c) Cecil Smith, some rights reserved (CC BY)",mosaic,infections,1554913
2026-03-24T22:36:42.868557+00:00,https://www.inaturalist.org/observations/220177219,https://inaturalist-open-data.s3.amazonaws.com/photos/389796022/medium.jpeg,infections/mosaic/mosaic_389796022.jpg,"(c) Carla Morris, some rights reserved (CC BY-NC)",mosaic,infections,1554913
2026-03-24T22:36:43.443954+00:00,https://www.inaturalist.org/observations/118969936,https://inaturalist-open-data.s3.amazonaws.com/photos/201065997/medium.jpg,infections/mosaic/mosaic_201065997.jpg,"(c) davidenrique, some rights reserved (CC BY-NC-SA)",mosaic,infections,1554913
2026-03-24T22:36:43.995832+00:00,https://www.inaturalist.org/observations/118969936,https://inaturalist-open-data.s3.amazonaws.com/photos/201066050/medium.jpg,infections/mosaic/mosaic_201066050.jpg,"(c) davidenrique, some rights reserved (CC BY-NC-SA)",mosaic,infections,1554913
2026-03-24T22:36:44.610744+00:00,https://www.inaturalist.org/observations/41690687,https://inaturalist-open-data.s3.amazonaws.com/photos/26900629/medium.jpg,infections/mosaic/mosaic_26900629.jpg,"(c) Susan J. Hewitt, some rights reserved (CC BY-NC)",mosaic,infections,1554913
2026-03-24T22:36:45.197451+00:00,https://www.inaturalist.org/observations/141457996,https://inaturalist-open-data.s3.amazonaws.com/photos/242346792/medium.jpg,infections/mosaic/mosaic_242346792.jpg,"(c) Dom Col, some rights reserved (CC BY-NC)",mosaic,infections,1554913
2026-03-24T22:36:45.790554+00:00,https://www.inaturalist.org/observations/216412102,https://inaturalist-open-data.s3.amazonaws.com/photos/382732579/medium.jpeg,infections/mosaic/mosaic_382732579.jpg,"(c) Amy Metheny, some rights reserved (CC BY-NC)",mosaic,infections,1554913
2026-03-24T22:36:46.433750+00:00,https://www.inaturalist.org/observations/216412102,https://inaturalist-open-data.s3.amazonaws.com/photos/382732705/medium.jpeg,infections/mosaic/mosaic_382732705.jpg,"(c) Amy Metheny, some rights reserved (CC BY-NC)",mosaic,infections,1554913
2026-03-24T22:36:47.071422+00:00,https://www.inaturalist.org/observations/107844362,https://inaturalist-open-data.s3.amazonaws.com/photos/181459762/medium.jpg,infections/mosaic/mosaic_181459762.jpg,no rights reserved,mosaic,infections,1554913
2026-03-24T22:36:47.640719+00:00,https://www.inaturalist.org/observations/107844362,https://inaturalist-open-data.s3.amazonaws.com/photos/181459772/medium.jpg,infections/mosaic/mosaic_181459772.jpg,no rights reserved,mosaic,infections,1554913
2026-03-24T22:36:48.274786+00:00,https://www.inaturalist.org/observations/88621584,https://inaturalist-open-data.s3.amazonaws.com/photos/146239837/medium.jpg,infections/mosaic/mosaic_146239837.jpg,"(c) Susan J. Hewitt, some rights reserved (CC BY-NC)",mosaic,infections,1554913
2026-03-24T22:36:48.846298+00:00,https://www.inaturalist.org/observations/281097640,https://inaturalist-open-data.s3.amazonaws.com/photos/504922382/medium.jpg,infections/mosaic/mosaic_504922382.jpg,"(c) pywacket1952, some rights reserved (CC BY-NC)",mosaic,infections,1554913
2026-03-24T22:36:49.506538+00:00,https://www.inaturalist.org/observations/41690608,https://inaturalist-open-data.s3.amazonaws.com/photos/26900486/medium.jpg,infections/mosaic/mosaic_26900486.jpg,"(c) Susan J. Hewitt, some rights reserved (CC BY-NC)",mosaic,infections,1554913
2026-03-24T22:36:52.750791+00:00,https://www.inaturalist.org/observations/304502290,https://inaturalist-open-data.s3.amazonaws.com/photos/548944554/medium.jpg,infections/root-knot nematode disease/root-knot_nematode_disease_548944554.jpg,"(c) atomiclauren, some rights reserved (CC BY-NC)",root-knot nematode disease,infections,460866
2026-03-24T22:36:53.371070+00:00,https://www.inaturalist.org/observations/304502290,https://inaturalist-open-data.s3.amazonaws.com/photos/548944597/medium.jpg,infections/root-knot nematode disease/root-knot_nematode_disease_548944597.jpg,"(c) atomiclauren, some rights reserved (CC BY-NC)",root-knot nematode disease,infections,460866
2026-03-24T22:36:53.978316+00:00,https://www.inaturalist.org/observations/304502290,https://inaturalist-open-data.s3.amazonaws.com/photos/548944638/medium.jpg,infections/root-knot nematode disease/root-knot_nematode_disease_548944638.jpg,"(c) atomiclauren, some rights reserved (CC BY-NC)",root-knot nematode disease,infections,460866
2026-03-24T22:36:54.528333+00:00,https://www.inaturalist.org/observations/237147974,https://inaturalist-open-data.s3.amazonaws.com/photos/422003914/medium.jpeg,infections/root-knot nematode disease/root-knot_nematode_disease_422003914.jpg,"(c) Ben Jobson, some rights reserved (CC BY)",root-knot nematode disease,infections,460866
2026-03-24T22:36:55.108316+00:00,https://www.inaturalist.org/observations/73187253,https://inaturalist-open-data.s3.amazonaws.com/photos/119458087/medium.jpeg,infections/root-knot nematode disease/root-knot_nematode_disease_119458087.jpg,"(c) Dewald du Plessis, some rights reserved (CC BY-NC)",root-knot nematode disease,infections,460866
2026-03-24T22:36:55.759500+00:00,https://www.inaturalist.org/observations/73187253,https://inaturalist-open-data.s3.amazonaws.com/photos/119458094/medium.jpeg,infections/root-knot nematode disease/root-knot_nematode_disease_119458094.jpg,"(c) Dewald du Plessis, some rights reserved (CC BY-NC)",root-knot nematode disease,infections,460866
2026-03-24T22:36:56.257801+00:00,https://www.inaturalist.org/observations/167599497,https://inaturalist-open-data.s3.amazonaws.com/photos/290353409/medium.jpeg,infections/root-knot nematode disease/root-knot_nematode_disease_290353409.jpg,"(c) João Vitor Oliveira de Souza, some rights reserved (CC BY-NC)",root-knot nematode disease,infections,460866
2026-03-24T22:36:56.788343+00:00,https://www.inaturalist.org/observations/18778253,https://inaturalist-open-data.s3.amazonaws.com/photos/28759882/medium.jpeg,infections/root-knot nematode disease/root-knot_nematode_disease_28759882.jpg,"(c) Sequoia Janirella Wrens, some rights reserved (CC BY-NC)",root-knot nematode disease,infections,460866
2026-03-24T22:36:57.378242+00:00,https://www.inaturalist.org/observations/18778253,https://inaturalist-open-data.s3.amazonaws.com/photos/28759884/medium.jpeg,infections/root-knot nematode disease/root-knot_nematode_disease_28759884.jpg,"(c) Sequoia Janirella Wrens, some rights reserved (CC BY-NC)",root-knot nematode disease,infections,460866
2026-03-24T22:36:57.936634+00:00,https://www.inaturalist.org/observations/132858929,https://inaturalist-open-data.s3.amazonaws.com/photos/226214175/medium.jpg,infections/root-knot nematode disease/root-knot_nematode_disease_226214175.jpg,"(c) Lori A Owenby, some rights reserved (CC BY-NC)",root-knot nematode disease,infections,460866
2026-03-24T22:36:58.501474+00:00,https://www.inaturalist.org/observations/104930758,https://inaturalist-open-data.s3.amazonaws.com/photos/175938328/medium.jpeg,infections/root-knot nematode disease/root-knot_nematode_disease_175938328.jpg,"(c) Aidan Marshall, some rights reserved (CC BY-NC)",root-knot nematode disease,infections,460866
2026-03-24T22:36:59.071403+00:00,https://www.inaturalist.org/observations/104930758,https://inaturalist-open-data.s3.amazonaws.com/photos/175938346/medium.jpeg,infections/root-knot nematode disease/root-knot_nematode_disease_175938346.jpg,"(c) Aidan Marshall, some rights reserved (CC BY-NC)",root-knot nematode disease,infections,460866
2026-03-24T22:36:59.670817+00:00,https://www.inaturalist.org/observations/104930758,https://inaturalist-open-data.s3.amazonaws.com/photos/175938357/medium.jpeg,infections/root-knot nematode disease/root-knot_nematode_disease_175938357.jpg,"(c) Aidan Marshall, some rights reserved (CC BY-NC)",root-knot nematode disease,infections,460866
2026-03-24T22:37:00.309344+00:00,https://www.inaturalist.org/observations/104930758,https://inaturalist-open-data.s3.amazonaws.com/photos/175938373/medium.jpeg,infections/root-knot nematode disease/root-knot_nematode_disease_175938373.jpg,"(c) Aidan Marshall, some rights reserved (CC BY-NC)",root-knot nematode disease,infections,460866
2026-03-24T22:37:00.958363+00:00,https://www.inaturalist.org/observations/104930758,https://inaturalist-open-data.s3.amazonaws.com/photos/175938385/medium.jpeg,infections/root-knot nematode disease/root-knot_nematode_disease_175938385.jpg,"(c) Aidan Marshall, some rights reserved (CC BY-NC)",root-knot nematode disease,infections,460866
2026-03-24T22:37:28.605631+00:00,https://www.inaturalist.org/observations/225757003,https://inaturalist-open-data.s3.amazonaws.com/photos/400287073/medium.jpeg,infections/aster yellows/aster_yellows_400287073.jpg,"(c) Dory Owen, some rights reserved (CC BY-NC)",aster yellows,infections,773806
2026-03-24T22:37:29.178987+00:00,https://www.inaturalist.org/observations/225757003,https://inaturalist-open-data.s3.amazonaws.com/photos/400287302/medium.jpeg,infections/aster yellows/aster_yellows_400287302.jpg,"(c) Dory Owen, some rights reserved (CC BY-NC)",aster yellows,infections,773806
2026-03-24T22:37:29.667487+00:00,https://www.inaturalist.org/observations/225757003,https://inaturalist-open-data.s3.amazonaws.com/photos/400289741/medium.jpeg,infections/aster yellows/aster_yellows_400289741.jpg,"(c) Dory Owen, some rights reserved (CC BY-NC)",aster yellows,infections,773806
2026-03-24T22:37:30.163899+00:00,https://www.inaturalist.org/observations/225757003,https://inaturalist-open-data.s3.amazonaws.com/photos/400290612/medium.jpeg,infections/aster yellows/aster_yellows_400290612.jpg,"(c) Dory Owen, some rights reserved (CC BY-NC)",aster yellows,infections,773806
2026-03-24T22:37:30.822497+00:00,https://www.inaturalist.org/observations/31189604,https://inaturalist-open-data.s3.amazonaws.com/photos/48790280/medium.jpeg,infections/aster yellows/aster_yellows_48790280.jpg,"(c) Whitney Mattila, some rights reserved (CC BY)",aster yellows,infections,773806
2026-03-24T22:37:31.476252+00:00,https://www.inaturalist.org/observations/31189604,https://inaturalist-open-data.s3.amazonaws.com/photos/48790288/medium.jpeg,infections/aster yellows/aster_yellows_48790288.jpg,"(c) Whitney Mattila, some rights reserved (CC BY)",aster yellows,infections,773806
2026-03-24T22:37:32.132729+00:00,https://www.inaturalist.org/observations/31189604,https://inaturalist-open-data.s3.amazonaws.com/photos/48790302/medium.jpeg,infections/aster yellows/aster_yellows_48790302.jpg,"(c) Whitney Mattila, some rights reserved (CC BY)",aster yellows,infections,773806
2026-03-24T22:37:33.129646+00:00,https://www.inaturalist.org/observations/126301842,https://inaturalist-open-data.s3.amazonaws.com/photos/214288641/medium.jpeg,infections/aster yellows/aster_yellows_214288641.jpg,"(c) tngardener, some rights reserved (CC BY-NC)",aster yellows,infections,773806
2026-03-24T22:37:33.677693+00:00,https://www.inaturalist.org/observations/319811085,https://inaturalist-open-data.s3.amazonaws.com/photos/578147623/medium.jpg,infections/aster yellows/aster_yellows_578147623.jpg,"(c) Amanda Plante, some rights reserved (CC BY-NC)",aster yellows,infections,773806
2026-03-24T22:37:34.201947+00:00,https://www.inaturalist.org/observations/319811085,https://inaturalist-open-data.s3.amazonaws.com/photos/578147661/medium.jpg,infections/aster yellows/aster_yellows_578147661.jpg,"(c) Amanda Plante, some rights reserved (CC BY-NC)",aster yellows,infections,773806
2026-03-24T22:37:34.750490+00:00,https://www.inaturalist.org/observations/319811085,https://inaturalist-open-data.s3.amazonaws.com/photos/578147693/medium.jpg,infections/aster yellows/aster_yellows_578147693.jpg,"(c) Amanda Plante, some rights reserved (CC BY-NC)",aster yellows,infections,773806
2026-03-24T22:37:35.337954+00:00,https://www.inaturalist.org/observations/319811085,https://inaturalist-open-data.s3.amazonaws.com/photos/578147725/medium.jpg,infections/aster yellows/aster_yellows_578147725.jpg,"(c) Amanda Plante, some rights reserved (CC BY-NC)",aster yellows,infections,773806
2026-03-24T22:37:35.877348+00:00,https://www.inaturalist.org/observations/319811085,https://inaturalist-open-data.s3.amazonaws.com/photos/578147756/medium.jpg,infections/aster yellows/aster_yellows_578147756.jpg,"(c) Amanda Plante, some rights reserved (CC BY-NC)",aster yellows,infections,773806
2026-03-24T22:37:36.416385+00:00,https://www.inaturalist.org/observations/62882979,https://inaturalist-open-data.s3.amazonaws.com/photos/100828648/medium.jpg,infections/aster yellows/aster_yellows_100828648.jpg,"(c) Erika Mitchell, some rights reserved (CC BY-NC)",aster yellows,infections,773806
2026-03-24T22:37:37.078037+00:00,https://www.inaturalist.org/observations/129528714,https://inaturalist-open-data.s3.amazonaws.com/photos/220134756/medium.jpeg,infections/aster yellows/aster_yellows_220134756.jpg,"(c) jillolinger, some rights reserved (CC BY-NC)",aster yellows,infections,773806
2026-03-24T22:37:39.673055+00:00,https://www.inaturalist.org/observations/25810485,https://inaturalist-open-data.s3.amazonaws.com/photos/40016880/medium.jpg,infections/wilt/wilt_40016880.jpg,"(c) jimpark67, some rights reserved (CC BY-NC)",wilt,infections,350811
2026-03-24T22:37:40.259592+00:00,https://www.inaturalist.org/observations/25810485,https://inaturalist-open-data.s3.amazonaws.com/photos/40016890/medium.jpg,infections/wilt/wilt_40016890.jpg,"(c) jimpark67, some rights reserved (CC BY-NC)",wilt,infections,350811
2026-03-24T22:37:40.852125+00:00,https://www.inaturalist.org/observations/25810485,https://inaturalist-open-data.s3.amazonaws.com/photos/40016902/medium.jpg,infections/wilt/wilt_40016902.jpg,"(c) jimpark67, some rights reserved (CC BY-NC)",wilt,infections,350811
2026-03-24T22:37:41.344283+00:00,https://www.inaturalist.org/observations/25810485,https://inaturalist-open-data.s3.amazonaws.com/photos/40016907/medium.jpg,infections/wilt/wilt_40016907.jpg,"(c) jimpark67, some rights reserved (CC BY-NC)",wilt,infections,350811
2026-03-24T22:37:41.933745+00:00,https://www.inaturalist.org/observations/325195028,https://inaturalist-open-data.s3.amazonaws.com/photos/588754296/medium.jpg,infections/wilt/wilt_588754296.jpg,"(c) Justin Paulin, some rights reserved (CC BY)",wilt,infections,350811
2026-03-24T22:37:42.418323+00:00,https://www.inaturalist.org/observations/325195028,https://inaturalist-open-data.s3.amazonaws.com/photos/588754322/medium.jpg,infections/wilt/wilt_588754322.jpg,"(c) Justin Paulin, some rights reserved (CC BY)",wilt,infections,350811
2026-03-24T22:37:43.027800+00:00,https://www.inaturalist.org/observations/25810078,https://inaturalist-open-data.s3.amazonaws.com/photos/40016357/medium.jpg,infections/wilt/wilt_40016357.jpg,"(c) jimpark67, some rights reserved (CC BY-NC)",wilt,infections,350811
2026-03-24T22:37:43.586486+00:00,https://www.inaturalist.org/observations/25810078,https://inaturalist-open-data.s3.amazonaws.com/photos/40016354/medium.jpg,infections/wilt/wilt_40016354.jpg,"(c) jimpark67, some rights reserved (CC BY-NC)",wilt,infections,350811
2026-03-24T22:37:44.118633+00:00,https://www.inaturalist.org/observations/177238603,https://inaturalist-open-data.s3.amazonaws.com/photos/308222134/medium.jpg,infections/wilt/wilt_308222134.jpg,"(c) Erika Mitchell, some rights reserved (CC BY-NC)",wilt,infections,350811
2026-03-24T22:37:44.802643+00:00,https://www.inaturalist.org/observations/31209779,https://inaturalist-open-data.s3.amazonaws.com/photos/48824915/medium.jpeg,infections/wilt/wilt_48824915.jpg,"(c) Carlos Enrique González Rojas, some rights reserved (CC BY-NC)",wilt,infections,350811
2026-03-24T22:37:45.410994+00:00,https://www.inaturalist.org/observations/31209779,https://inaturalist-open-data.s3.amazonaws.com/photos/48824948/medium.jpeg,infections/wilt/wilt_48824948.jpg,"(c) Carlos Enrique González Rojas, some rights reserved (CC BY-NC)",wilt,infections,350811
2026-03-24T22:37:45.984477+00:00,https://www.inaturalist.org/observations/31209779,https://inaturalist-open-data.s3.amazonaws.com/photos/48824970/medium.jpeg,infections/wilt/wilt_48824970.jpg,"(c) Carlos Enrique González Rojas, some rights reserved (CC BY-NC)",wilt,infections,350811
2026-03-24T22:37:46.600690+00:00,https://www.inaturalist.org/observations/31209779,https://inaturalist-open-data.s3.amazonaws.com/photos/48824984/medium.jpeg,infections/wilt/wilt_48824984.jpg,"(c) Carlos Enrique González Rojas, some rights reserved (CC BY-NC)",wilt,infections,350811
2026-03-24T22:37:47.313529+00:00,https://www.inaturalist.org/observations/31209779,https://inaturalist-open-data.s3.amazonaws.com/photos/48825000/medium.jpeg,infections/wilt/wilt_48825000.jpg,"(c) Carlos Enrique González Rojas, some rights reserved (CC BY-NC)",wilt,infections,350811
2026-03-24T22:37:47.801150+00:00,https://www.inaturalist.org/observations/152703808,https://inaturalist-open-data.s3.amazonaws.com/photos/263646501/medium.jpg,infections/wilt/wilt_263646501.jpg,"(c) Jie-Hao Ou, some rights reserved (CC BY)",wilt,infections,350811
2026-03-24T22:37:50.604156+00:00,https://www.inaturalist.org/observations/126912816,https://inaturalist-open-data.s3.amazonaws.com/photos/215394272/medium.jpg,infections/rice bacterial blight/rice_bacterial_blight_215394272.jpg,"(c) grinnin, some rights reserved (CC BY-NC)",rice bacterial blight,infections,132056
2026-03-24T22:37:51.238876+00:00,https://www.inaturalist.org/observations/126912816,https://inaturalist-open-data.s3.amazonaws.com/photos/215394983/medium.jpg,infections/rice bacterial blight/rice_bacterial_blight_215394983.jpg,"(c) grinnin, some rights reserved (CC BY-NC)",rice bacterial blight,infections,132056
2026-03-24T22:37:51.889776+00:00,https://www.inaturalist.org/observations/126912816,https://inaturalist-open-data.s3.amazonaws.com/photos/215395025/medium.jpg,infections/rice bacterial blight/rice_bacterial_blight_215395025.jpg,"(c) grinnin, some rights reserved (CC BY-NC)",rice bacterial blight,infections,132056
2026-03-24T22:37:52.540834+00:00,https://www.inaturalist.org/observations/126912816,https://inaturalist-open-data.s3.amazonaws.com/photos/215395243/medium.jpg,infections/rice bacterial blight/rice_bacterial_blight_215395243.jpg,"(c) grinnin, some rights reserved (CC BY-NC)",rice bacterial blight,infections,132056
2026-03-24T22:37:53.201469+00:00,https://www.inaturalist.org/observations/126912816,https://inaturalist-open-data.s3.amazonaws.com/photos/215395304/medium.jpg,infections/rice bacterial blight/rice_bacterial_blight_215395304.jpg,"(c) grinnin, some rights reserved (CC BY-NC)",rice bacterial blight,infections,132056
2026-03-24T22:37:53.818418+00:00,https://www.inaturalist.org/observations/212482703,https://inaturalist-open-data.s3.amazonaws.com/photos/375498316/medium.jpeg,infections/rice bacterial blight/rice_bacterial_blight_375498316.jpg,"(c) epic2112, some rights reserved (CC BY-NC)",rice bacterial blight,infections,132056
2026-03-24T22:37:54.519226+00:00,https://www.inaturalist.org/observations/212482703,https://inaturalist-open-data.s3.amazonaws.com/photos/375498351/medium.jpeg,infections/rice bacterial blight/rice_bacterial_blight_375498351.jpg,"(c) epic2112, some rights reserved (CC BY-NC)",rice bacterial blight,infections,132056
2026-03-24T22:37:55.161737+00:00,https://www.inaturalist.org/observations/212482703,https://inaturalist-open-data.s3.amazonaws.com/photos/375498378/medium.jpeg,infections/rice bacterial blight/rice_bacterial_blight_375498378.jpg,"(c) epic2112, some rights reserved (CC BY-NC)",rice bacterial blight,infections,132056
2026-03-24T22:37:55.799299+00:00,https://www.inaturalist.org/observations/212482703,https://inaturalist-open-data.s3.amazonaws.com/photos/375498420/medium.jpeg,infections/rice bacterial blight/rice_bacterial_blight_375498420.jpg,"(c) epic2112, some rights reserved (CC BY-NC)",rice bacterial blight,infections,132056
2026-03-24T22:37:56.416628+00:00,https://www.inaturalist.org/observations/212482703,https://inaturalist-open-data.s3.amazonaws.com/photos/375498463/medium.jpeg,infections/rice bacterial blight/rice_bacterial_blight_375498463.jpg,"(c) epic2112, some rights reserved (CC BY-NC)",rice bacterial blight,infections,132056
2026-03-24T22:37:56.969151+00:00,https://www.inaturalist.org/observations/36961841,https://inaturalist-open-data.s3.amazonaws.com/photos/58513584/medium.jpg,infections/rice bacterial blight/rice_bacterial_blight_58513584.jpg,"(c) Katja Schulz, some rights reserved (CC BY)",rice bacterial blight,infections,132056
2026-03-24T22:37:57.505884+00:00,https://www.inaturalist.org/observations/121170709,https://inaturalist-open-data.s3.amazonaws.com/photos/205017982/medium.jpg,infections/rice bacterial blight/rice_bacterial_blight_205017982.jpg,"(c) Rodricka Elliott, some rights reserved (CC BY-NC)",rice bacterial blight,infections,132056
2026-03-24T22:37:58.052338+00:00,https://www.inaturalist.org/observations/121170709,https://inaturalist-open-data.s3.amazonaws.com/photos/205018004/medium.jpg,infections/rice bacterial blight/rice_bacterial_blight_205018004.jpg,"(c) Rodricka Elliott, some rights reserved (CC BY-NC)",rice bacterial blight,infections,132056
2026-03-24T22:37:58.777172+00:00,https://www.inaturalist.org/observations/126422465,https://inaturalist-open-data.s3.amazonaws.com/photos/214502840/medium.jpg,infections/rice bacterial blight/rice_bacterial_blight_214502840.jpg,"(c) grinnin, some rights reserved (CC BY-NC)",rice bacterial blight,infections,132056
2026-03-24T22:37:59.448702+00:00,https://www.inaturalist.org/observations/126422465,https://inaturalist-open-data.s3.amazonaws.com/photos/214511756/medium.jpg,infections/rice bacterial blight/rice_bacterial_blight_214511756.jpg,"(c) grinnin, some rights reserved (CC BY-NC)",rice bacterial blight,infections,132056
2026-03-24T22:38:09.300568+00:00,https://commons.wikimedia.org/wiki/File%3APotassium%20deficiency%20in%20potatoes.jpg,https://upload.wikimedia.org/wikipedia/commons/thumb/5/57/Potassium_deficiency_in_potatoes.jpg/960px-Potassium_deficiency_in_potatoes.jpg,deficiencies/potassium deficiency/potassium_deficiency_541386d4.jpg,Potassium_deficiency_in_potatoes.jpg,potassium deficiency,deficiencies,
2026-03-24T22:38:10.543535+00:00,https://commons.wikimedia.org/wiki/File%3APotasDed.jpg,https://upload.wikimedia.org/wikipedia/commons/7/75/PotasDed.jpg,deficiencies/potassium deficiency/potassium_deficiency_2a2cc66f.jpg,PotasDed.jpg,potassium deficiency,deficiencies,
2026-03-24T22:38:16.925305+00:00,https://commons.wikimedia.org/wiki/File%3AMicronutrient%20deficiency%20is%20prevalent%20in%20parts%20of%20Africa%20ESA25133303.jpg,https://upload.wikimedia.org/wikipedia/commons/thumb/0/0d/Micronutrient_deficiency_is_prevalent_in_parts_of_Africa_ESA25133303.jpg/960px-Micronutrient_deficiency_is_prevalent_in_parts_of_Africa_ESA25133303.jpg,deficiencies/potassium deficiency/potassium_deficiency_5a7c694b.jpg,Micronutrient_deficiency_is_prevalent_in_parts_of_Africa_ESA,potassium deficiency,deficiencies,
